{
  "analysis_id": "20250512_174604",
  "timestamp": "2025-05-12T17:50:42.357375",
  "parameters": {
    "n_bits": 1000,
    "n_trials": 20
  },
  "eavesdropping_analysis": {
    "No Eavesdropping": {
      "qber": [
        0.0,
        0.0,
        0.0,
        0.0,
        0.0,
        0.0,
        0.0,
        0.0,
        0.0,
        0.0,
        0.0,
        0.0,
        0.0,
        0.0,
        0.0,
        0.0,
        0.0,
        0.0,
        0.0,
        0.0
      ],
      "qber_mean": 0.0,
      "qber_std": 0.0,
      "qber_median": 0.0,
      "qber_min": 0.0,
      "qber_max": 0.0,
      "key_rate_mean": 0.50635,
      "key_rate_std": 0.01510720027006991,
      "sifted_length_mean": 506.35,
      "security_rate": 1.0
    },
    "With Eavesdropping": {
      "qber": [
        0.18,
        0.16,
        0.34,
        0.22,
        0.24,
        0.12,
        0.24,
        0.34,
        0.3,
        0.26,
        0.22,
        0.38,
        0.3,
        0.34,
        0.24,
        0.2,
        0.24,
        0.3,
        0.32,
        0.26
      ],
      "qber_mean": 0.26,
      "qber_std": 0.06572670690061994,
      "qber_median": 0.25,
      "qber_min": 0.12,
      "qber_max": 0.38,
      "key_rate_mean": 0.49219999999999997,
      "key_rate_std": 0.012532358118087759,
      "sifted_length_mean": 492.2,
      "security_rate": 0.0
    }
  },
  "key_length_analysis": {
    "no_eve": {
      "key_lengths": [
        100,
        500,
        1000,
        2000,
        5000
      ],
      "qber_means": [
        0.0,
        0.0,
        0.0,
        0.0,
        0.0
      ],
      "qber_stds": [
        0.0,
        0.0,
        0.0,
        0.0,
        0.0
      ]
    },
    "with_eve": {
      "key_lengths": [
        100,
        500,
        1000,
        2000,
        5000
      ],
      "qber_means": [
        0.25795672282628807,
        0.252,
        0.25600000000000006,
        0.23800000000000004,
        0.24100000000000002
      ],
      "qber_stds": [
        0.06377531303566944,
        0.0530659966456864,
        0.04963869458396343,
        0.06660330322138686,
        0.061798058221921505
      ]
    }
  },
  "conclusions": {
    "eavesdropping_detectable": 